{"cameraMode":{"drawMode":0,"name":"Shaded","section":"Shading Mode"},"sceneLighting":true,"audioPlay":false,"sceneViewState":{"showFog":true,"showMaterialUpdate":false,"showSkybox":true,"showFlares":true,"showImageEffects":true,"showParticleSystems":true,"showVisualEffectGraphs":true,"m_FxEnabled":true},"in2DMode":false,"pivot":{"x":-4.026769638061523,"y":9.414215087890625,"z":2.361539840698242},"rotation":{"x":0.16307570040225984,"y":-0.005923415534198284,"z":0.0009792271303012968,"w":0.9865990281105042},"size":9.967618942260743,"orthographic":false}