{"cameraMode":{"drawMode":0,"name":"Shaded","section":"Shading Mode"},"sceneLighting":true,"audioPlay":false,"sceneViewState":{"showFog":true,"showMaterialUpdate":false,"showSkybox":true,"showFlares":true,"showImageEffects":true,"showParticleSystems":true,"showVisualEffectGraphs":true,"m_FxEnabled":true},"in2DMode":false,"pivot":{"x":2.626448631286621,"y":-43.18022537231445,"z":124.07383728027344},"rotation":{"x":-0.154192715883255,"y":0.0005900945980101824,"z":-0.00009385561133967713,"w":-0.9880471229553223},"size":76.91246795654297,"orthographic":false}