{"cameraMode":{"drawMode":0,"name":"Shaded","section":"Shading Mode"},"sceneLighting":true,"audioPlay":false,"sceneViewState":{"showFog":true,"showMaterialUpdate":false,"showSkybox":true,"showFlares":true,"showImageEffects":true,"showParticleSystems":true,"showVisualEffectGraphs":true,"m_FxEnabled":true},"in2DMode":false,"pivot":{"x":4.147449970245361,"y":-12.660579681396485,"z":8.674330711364746},"rotation":{"x":-0.6640828847885132,"y":-0.007403512950986624,"z":0.006576265208423138,"w":-0.7475926876068115},"size":19.341630935668947,"orthographic":false}