{"cameraMode":{"drawMode":0,"name":"Shaded","section":"Shading Mode"},"sceneLighting":true,"audioPlay":false,"sceneViewState":{"showFog":true,"showMaterialUpdate":false,"showSkybox":true,"showFlares":true,"showImageEffects":true,"showParticleSystems":true,"showVisualEffectGraphs":true,"m_FxEnabled":true},"in2DMode":false,"pivot":{"x":-1.4732842445373536,"y":1.3577018976211548,"z":18.457279205322267},"rotation":{"x":-0.10217543691396713,"y":0.6963900327682495,"z":-0.10119953006505966,"w":-0.7031096816062927},"size":11.683226585388184,"orthographic":false}