{"cameraMode":{"drawMode":0,"name":"Shaded","section":"Shading Mode"},"sceneLighting":false,"audioPlay":false,"sceneViewState":{"showFog":true,"showMaterialUpdate":false,"showSkybox":false,"showFlares":true,"showImageEffects":true,"showParticleSystems":true,"showVisualEffectGraphs":true,"m_FxEnabled":true},"in2DMode":false,"pivot":{"x":17.181161880493165,"y":-3.1218385696411135,"z":1.2658958435058594},"rotation":{"x":-0.0034383870661258699,"y":0.9964253306388855,"z":-0.05086180940270424,"w":-0.06736094504594803},"size":10.845236778259278,"orthographic":false}