{"cameraMode":{"drawMode":0,"name":"Shaded","section":"Shading Mode"},"sceneLighting":true,"audioPlay":false,"sceneViewState":{"showFog":true,"showMaterialUpdate":false,"showSkybox":true,"showFlares":true,"showImageEffects":true,"showParticleSystems":true,"showVisualEffectGraphs":true,"m_FxEnabled":true},"in2DMode":false,"pivot":{"x":1.0561532974243165,"y":2.794605255126953,"z":55.44286346435547},"rotation":{"x":0.12416483461856842,"y":-0.014883405528962613,"z":0.0018627234967425466,"w":0.9921499490737915},"size":60.650970458984378,"orthographic":false}